{
    "original_features": 13,
    "principal_components": 13,
    "explained_variance_ratio": [
        0.09395092082511368,
        0.0881412172651573,
        0.08382094586787388,
        0.08260342503652401,
        0.08048880476440283,
        0.07875883972662821,
        0.0756863130933691,
        0.07514591324058265,
        0.07210273644692065,
        0.06963073642910594,
        0.06879137106352551,
        0.06652939188426106,
        0.06434938435653521
    ],
    "total_variance_retained": 1.0000000000000002
}