Cluster,Age,Annual_Income,Total_Orders,Avg_Order_Value,Days_Since_Last_Purchase,App_Sessions_Per_Month,Website_Visits_Per_Month,Wishlist_Count,Cart_Additions_Per_Month,Customer_Count
0,43.698101777059776,2216726.4634491117,178.8679321486268,7795.677100161551,189.79765751211633,49.226474151857836,133.3513731825525,48.319668820678515,56.321587237479804,9904
1,44.34243798861114,791050.9800212334,110.46713637679761,7749.045458932535,174.85290995077696,36.17913328829263,98.2447640189171,49.767686516745485,60.33857735739794,10361
2,43.055498877780046,2237901.596510916,61.69975515200979,7891.7445419302185,183.34615384615384,71.765149969394,62.50397877984085,50.92062844317486,62.84095082636197,9802
3,43.870300560366786,1361121.1542536933,179.53785022924095,7467.580438104941,178.77055527254203,107.12450331125828,52.32134488028528,48.97799286805909,58.62567498726439,9815
4,42.555643407788104,1347751.4753903933,96.43170587072544,7367.517098240759,182.43348487843448,112.92844435659221,152.93654872504447,48.66208736904527,59.60308361336232,10118
